review,label
Exactly as advertised.,1
Very frustrating experience.,0
Totally worth the money.,1
Battery life is a joke.,0
Rattles and shakes constantly.,0
Doesn’t match the description.,0
One of the best purchases I've made.,1
Love the features and the build.,1
Love the features and the build.,1
Stopped working after a few days.,0
Exactly as advertised.,1
It’s just not worth it.,0
Everything about this is perfect.,1
Hard to set up and use.,0
Very disappointed in the brand.,0
Did not work as expected.,0
I’m very happy with my choice.,1
"Beautifully made, great attention to detail.",1
Looks great and performs even better.,1
Amazing value for the price.,1
Fantastic design and functionality.,1
Doesn’t work with my device.,0
"Exceeded my expectations, works perfectly.",1
Love how easy it is to use.,1
Feels like a scam.,0
Product feels premium and sturdy.,1
Does not do what it claims.,0
"Fast, reliable, and affordable.",1
It’s just not worth it.,0
Did more harm than good.,0
"Beautifully made, great attention to detail.",1
Avoid at all costs!,0
One of the worst purchases ever.,0
"Terrible product, don’t buy!",0
Amazing value for the price.,1
User-friendly and powerful.,1
Really stands out among competitors.,1
Doesn’t match the description.,0
Doesn’t match the description.,0
Extremely dissatisfied with the quality.,0
I’m very happy with my choice.,1
"Amazing performance, highly efficient.",1
It’s just not worth it.,0
This has been a great investment.,1
Very impressed with this product.,1
Product feels premium and sturdy.,1
Exactly what I needed.,1
This has been a great investment.,1
Poor quality and very flimsy.,0
Definitely wouldn’t buy again.,0
"Seems used, not new.",0
Very impressed with this product.,1
User-friendly and powerful.,1
Stopped working after a few days.,0
"Exceeded my expectations, works perfectly.",1
"Amazing performance, highly efficient.",1
The item arrived broken.,0
Great support and documentation.,1
Completely disappointed with this.,0
Doesn't power on consistently.,0
Parts missing on arrival.,0
The best I've used so far.,1
"Beautifully made, great attention to detail.",1
Avoid at all costs!,0
The item arrived broken.,0
Hard to set up and use.,0
The item arrived broken.,0
Very frustrating experience.,0
Performance is below average.,0
The item arrived broken.,0
Absolutely love this product!,1
Support was not helpful.,0
Did more harm than good.,0
User-friendly and powerful.,1
Highly dissatisfied.,0
Product feels premium and sturdy.,1
Five stars! Would buy again.,1
Not durable at all.,0
Absolutely love this product!,1
Doesn't hold up over time.,0
Rattles and shakes constantly.,0
Not worth even a dollar.,0
Highly dependable and easy to use.,1
Super happy with this purchase.,1
Doesn't hold up over time.,0
Was excited but totally let down.,0
Doesn’t work with my device.,0
Regret this purchase deeply.,0
Looks great and performs even better.,1
Love how easy it is to use.,1
Exactly as advertised.,1
I am very satisfied with this item.,1
"Terrible product, don’t buy!",0
Feels like a scam.,0
"Packaging was damaged, product too.",0
Totally worth the money.,1
"Works like a charm, thank you!",1
Product is exactly as described. Perfect!,1
Looks cheap and acts cheap.,0
Solid quality and affordable price.,1
Feels cheap and unreliable.,0
Very impressed with this product.,1
One of the worst purchases ever.,0
So impressed with the quality.,1
So impressed with the quality.,1
"Fast, reliable, and affordable.",1
Awesome experience overall.,1
Performance is outstanding.,1
Performance is below average.,0
The results are fantastic!,1
High quality and great performance.,1
Completely useless product.,0
User-friendly and powerful.,1
Rattles and shakes constantly.,0
Extremely dissatisfied with the quality.,0
Highly recommend to anyone.,1
Very loud and annoying.,0
Parts missing on arrival.,0
Amazing value for the price.,1
Product is exactly as described. Perfect!,1
No instructions included.,0
Feels cheap and unreliable.,0
Even better than expected!,1
Customer service was top-notch.,1
"Works like a charm, thank you!",1
Absolutely love this product!,1
"Fast, reliable, and affordable.",1
"Terrible product, don’t buy!",0
Very loud and annoying.,0
This is just junk.,0
"Works like a charm, thank you!",1
Stopped working after a few days.,0
The item arrived broken.,0
Did more harm than good.,0
It broke after minimal use.,0
Performance is outstanding.,1
Regret this purchase deeply.,0
Battery life is a joke.,0
This is just junk.,0
The results are fantastic!,1
Extremely dissatisfied with the quality.,0
Regret this purchase deeply.,0
"Beautifully made, great attention to detail.",1
Product feels premium and sturdy.,1
Did not work as expected.,0
Doesn't hold up over time.,0
Overpriced and underwhelming.,0
Extremely dissatisfied with the quality.,0
Product is exactly as described. Perfect!,1
Awesome experience overall.,1
My go-to choice now.,1
Does not do what it claims.,0
Couldn't ask for more.,1
The best I've used so far.,1
Really stands out among competitors.,1
Fast shipping and excellent packaging.,1
User-friendly and powerful.,1
Will definitely buy more in the future.,1
Love how easy it is to use.,1
"Works like a charm, thank you!",1
Couldn't ask for more.,1
Awesome experience overall.,1
Really stands out among competitors.,1
Doesn’t work with my device.,0
Couldn't ask for more.,1
"Fast, reliable, and affordable.",1
Battery life is a joke.,0
This product is a disaster.,0
So convenient and reliable.,1
Very practical and well-designed.,1
Awesome experience overall.,1
Does not do what it claims.,0
User-friendly and powerful.,1
Customer service was top-notch.,1
User-friendly and powerful.,1
Product feels premium and sturdy.,1
Extremely poor build.,0
Solid quality and affordable price.,1
Very disappointed in the brand.,0
Great support and documentation.,1
Did more harm than good.,0
Save your money.,0
Save your money.,0
High quality and great performance.,1
Really stands out among competitors.,1
Stopped working after a few days.,0
Customer service was top-notch.,1
Impressive build and smooth operation.,1
Was excited but totally let down.,0
Not user-friendly at all.,0
So convenient and reliable.,1
The results are fantastic!,1
"Packaging was damaged, product too.",0
Love the features and the build.,1
Love how easy it is to use.,1
Exactly as advertised.,1
Product is exactly as described. Perfect!,1
Absolutely love this product!,1
Very loud and annoying.,0
Really stands out among competitors.,1
Super efficient and compact.,1
Extremely dissatisfied with the quality.,0
Will definitely buy more in the future.,1
Feels like a scam.,0
This has been a great investment.,1
Highly recommend to anyone.,1
Solid quality and affordable price.,1
My go-to choice now.,1
No instructions included.,0
Very frustrating experience.,0
Doesn't power on consistently.,0
No instructions included.,0
Rattles and shakes constantly.,0
Impressive build and smooth operation.,1
The results are fantastic!,1
So impressed with the quality.,1
Exactly what I needed.,1
Returned it the next day.,0
Feels cheap and unreliable.,0
Five stars! Would buy again.,1
Highly dissatisfied.,0
Great support and documentation.,1
Unacceptable quality control.,0
This has been a great investment.,1
Extremely dissatisfied with the quality.,0
High quality and great performance.,1
Performance is below average.,0
Highly dependable and easy to use.,1
Overpriced and underwhelming.,0
Not worth even a dollar.,0
One of the best purchases I've made.,1
Feels like a scam.,0
Easy setup and very intuitive.,1
Returned it the next day.,0
Even better than expected!,1
Totally worth the money.,1
"Very pleased, no complaints at all.",1
Product is exactly as described. Perfect!,1
Completely disappointed with this.,0
I’m very happy with my choice.,1
Impressive build and smooth operation.,1
User-friendly and powerful.,1
I am very satisfied with this item.,1
Waste of money.,0
Not worth even a dollar.,0
Definitely wouldn’t buy again.,0
No instructions included.,0
Solid quality and affordable price.,1
Product feels premium and sturdy.,1
This product is a disaster.,0
Amazing value for the price.,1
Very practical and well-designed.,1
Highly dependable and easy to use.,1
Highly dependable and easy to use.,1
Highly dependable and easy to use.,1
Completely disappointed with this.,0
Poor quality and very flimsy.,0
Everything about this is perfect.,1
Doesn’t work with my device.,0
Love the features and the build.,1
Doesn’t match the description.,0
User-friendly and powerful.,1
"Seems used, not new.",0
Awesome experience overall.,1
Looks great and performs even better.,1
Performance is below average.,0
Overpriced and underwhelming.,0
Even better than expected!,1
Product feels premium and sturdy.,1
Stopped working after a few days.,0
Very practical and well-designed.,1
Customer service was top-notch.,1
Product is exactly as described. Perfect!,1
I’m very happy with my choice.,1
Poor quality and very flimsy.,0
Exactly as advertised.,1
Couldn't ask for more.,1
Completely useless product.,0
This product is a disaster.,0
Waste of money.,0
Highly dissatisfied.,0
Poor quality and very flimsy.,0
I’m very happy with my choice.,1
Support was not helpful.,0
The results are fantastic!,1
Totally worth the money.,1
Doesn’t work with my device.,0
"Terrible product, don’t buy!",0
"Seems used, not new.",0
Avoid at all costs!,0
Returned it the next day.,0
Looks cheap and acts cheap.,0
Performance is below average.,0
Parts missing on arrival.,0
Very loud and annoying.,0
It broke after minimal use.,0
So impressed with the quality.,1
"Amazing performance, highly efficient.",1
This is a game-changer!,1
"Amazing performance, highly efficient.",1
Really stands out among competitors.,1
Extremely poor build.,0
Feels cheap and unreliable.,0
This has been a great investment.,1
Poor quality and very flimsy.,0
Completely useless product.,0
Will definitely buy more in the future.,1
Doesn't hold up over time.,0
Solid quality and affordable price.,1
Doesn't hold up over time.,0
Very loud and annoying.,0
Definitely wouldn’t buy again.,0
I am very satisfied with this item.,1
Was excited but totally let down.,0
Hard to set up and use.,0
Hard to set up and use.,0
Love how easy it is to use.,1
Performance is outstanding.,1
This product is a disaster.,0
"Seems used, not new.",0
The results are fantastic!,1
Unacceptable quality control.,0
Waste of money.,0
Fantastic design and functionality.,1
Customer service was top-notch.,1
Super happy with this purchase.,1
Does not do what it claims.,0
Even better than expected!,1
Everything about this is perfect.,1
Doesn't power on consistently.,0
One of the best purchases I've made.,1
One of the worst purchases ever.,0
Highly dissatisfied.,0
"Very pleased, no complaints at all.",1
Did more harm than good.,0
Very disappointed in the brand.,0
One of the worst purchases ever.,0
Solid quality and affordable price.,1
Very practical and well-designed.,1
Extremely dissatisfied with the quality.,0
Super efficient and compact.,1
Very loud and annoying.,0
Did not work as expected.,0
"Fast, reliable, and affordable.",1
"Fast, reliable, and affordable.",1
Highly dependable and easy to use.,1
Completely disappointed with this.,0
Completely useless product.,0
I am very satisfied with this item.,1
Regret this purchase deeply.,0
Easy setup and very intuitive.,1
Feels cheap and unreliable.,0
Everything about this is perfect.,1
Couldn't ask for more.,1
Five stars! Would buy again.,1
Product feels premium and sturdy.,1
This is a game-changer!,1
Five stars! Would buy again.,1
This is a game-changer!,1
Solid quality and affordable price.,1
Couldn't ask for more.,1
This is a game-changer!,1
Support was not helpful.,0
I am very satisfied with this item.,1
Exactly what I needed.,1
Was excited but totally let down.,0
This product is a disaster.,0
The best I've used so far.,1
Great support and documentation.,1
Doesn't power on consistently.,0
"Fast, reliable, and affordable.",1
Fantastic design and functionality.,1
Performance is outstanding.,1
Highly recommend to anyone.,1
Overpriced and underwhelming.,0
No instructions included.,0
Super efficient and compact.,1
Performance is outstanding.,1
Everything about this is perfect.,1
Very impressed with this product.,1
So convenient and reliable.,1
Fantastic design and functionality.,1
Feels like a scam.,0
Fantastic design and functionality.,1
Does not do what it claims.,0
User-friendly and powerful.,1
Regret this purchase deeply.,0
Solid quality and affordable price.,1
Easy setup and very intuitive.,1
Doesn't hold up over time.,0
Extremely poor build.,0
Doesn’t match the description.,0
Absolutely love this product!,1
"Very pleased, no complaints at all.",1
High quality and great performance.,1
Poor quality and very flimsy.,0
Even better than expected!,1
So impressed with the quality.,1
Looks great and performs even better.,1
No instructions included.,0
Feels cheap and unreliable.,0
Was excited but totally let down.,0
Doesn't hold up over time.,0
"Terrible product, don’t buy!",0
"Exceeded my expectations, works perfectly.",1
This has been a great investment.,1
Parts missing on arrival.,0
Really stands out among competitors.,1
The item arrived broken.,0
Was excited but totally let down.,0
Overpriced and underwhelming.,0
Very disappointed in the brand.,0
Looks great and performs even better.,1
Doesn’t work with my device.,0
Rattles and shakes constantly.,0
"Terrible product, don’t buy!",0
Extremely dissatisfied with the quality.,0
Really stands out among competitors.,1
High quality and great performance.,1
Support was not helpful.,0
Super happy with this purchase.,1
"Fast, reliable, and affordable.",1
Customer service was top-notch.,1
Looks cheap and acts cheap.,0
Extremely poor build.,0
Very loud and annoying.,0
So impressed with the quality.,1
Performance is below average.,0
One of the worst purchases ever.,0
"Fast, reliable, and affordable.",1
Super happy with this purchase.,1
Amazing value for the price.,1
"Seems used, not new.",0
Definitely wouldn’t buy again.,0
Love the features and the build.,1
Was excited but totally let down.,0
Save your money.,0
Couldn't ask for more.,1
Delivered on all its promises.,1
The best I've used so far.,1
Not user-friendly at all.,0
"Terrible product, don’t buy!",0
Very slow and glitchy.,0
Not user-friendly at all.,0
Very impressed with this product.,1
Extremely poor build.,0
Regret this purchase deeply.,0
Completely useless product.,0
Totally worth the money.,1
Very practical and well-designed.,1
Highly recommend to anyone.,1
Not worth even a dollar.,0
Looks cheap and acts cheap.,0
Looks cheap and acts cheap.,0
It’s just not worth it.,0
Save your money.,0
Great support and documentation.,1
Love how easy it is to use.,1
Feels cheap and unreliable.,0
Highly dependable and easy to use.,1
Love the features and the build.,1
Doesn't hold up over time.,0
"Amazing performance, highly efficient.",1
"Amazing performance, highly efficient.",1
Unacceptable quality control.,0
High quality and great performance.,1
Completely disappointed with this.,0
Unacceptable quality control.,0
The item arrived broken.,0
Solid quality and affordable price.,1
Doesn't power on consistently.,0
Delivered on all its promises.,1
Fast shipping and excellent packaging.,1
Performance is outstanding.,1
Performance is below average.,0
Regret this purchase deeply.,0
"Seems used, not new.",0
Feels cheap and unreliable.,0
Doesn’t match the description.,0
Was excited but totally let down.,0
No instructions included.,0
Very frustrating experience.,0
Does not do what it claims.,0
Did not work as expected.,0
Fantastic design and functionality.,1
Really stands out among competitors.,1
Completely disappointed with this.,0
This product is a disaster.,0
Super happy with this purchase.,1
Support was not helpful.,0
Love the features and the build.,1
Super efficient and compact.,1
Very disappointed in the brand.,0
"Seems used, not new.",0
Looks cheap and acts cheap.,0
Love the features and the build.,1
"Beautifully made, great attention to detail.",1
Does not do what it claims.,0
Not user-friendly at all.,0
I am very satisfied with this item.,1
Absolutely love this product!,1
Unacceptable quality control.,0
Not user-friendly at all.,0
This has been a great investment.,1
Even better than expected!,1
Unacceptable quality control.,0
"Exceeded my expectations, works perfectly.",1
Completely disappointed with this.,0
Very impressed with this product.,1
Impressive build and smooth operation.,1
Couldn't ask for more.,1
It’s just not worth it.,0
Overpriced and underwhelming.,0
Very slow and glitchy.,0
Doesn't hold up over time.,0
"Works like a charm, thank you!",1
Feels like a scam.,0
Performance is outstanding.,1
Love how easy it is to use.,1
High quality and great performance.,1
Impressive build and smooth operation.,1
Looks cheap and acts cheap.,0
Highly recommend to anyone.,1
Looks cheap and acts cheap.,0
Product is exactly as described. Perfect!,1
Very slow and glitchy.,0
Highly dissatisfied.,0
Awesome experience overall.,1
Solid quality and affordable price.,1
It’s just not worth it.,0
I’m very happy with my choice.,1
Highly dependable and easy to use.,1
Very disappointed in the brand.,0
Exactly what I needed.,1
This is a game-changer!,1
Highly dependable and easy to use.,1
One of the worst purchases ever.,0
Did not work as expected.,0
Poor quality and very flimsy.,0
Would not recommend to anyone.,0
This is just junk.,0
Totally worth the money.,1
Super happy with this purchase.,1
One of the best purchases I've made.,1
"Fast, reliable, and affordable.",1
Parts missing on arrival.,0
Completely useless product.,0
High quality and great performance.,1
"Exceeded my expectations, works perfectly.",1
Poor quality and very flimsy.,0
Performance is outstanding.,1
"Fast, reliable, and affordable.",1
Returned it the next day.,0
Delivered on all its promises.,1
No instructions included.,0
Love the features and the build.,1
Looks cheap and acts cheap.,0
"Fast, reliable, and affordable.",1
Even better than expected!,1
Couldn't ask for more.,1
Returned it the next day.,0
Super efficient and compact.,1
Support was not helpful.,0
Performance is outstanding.,1
My go-to choice now.,1
Did not work as expected.,0
Very slow and glitchy.,0
Awesome experience overall.,1
Awesome experience overall.,1
One of the worst purchases ever.,0
So convenient and reliable.,1
High quality and great performance.,1
Awesome experience overall.,1
It’s just not worth it.,0
"Exceeded my expectations, works perfectly.",1
Very impressed with this product.,1
One of the worst purchases ever.,0
Highly recommend to anyone.,1
Doesn't power on consistently.,0
Highly dissatisfied.,0
Was excited but totally let down.,0
This is just junk.,0
Exactly what I needed.,1
Exactly what I needed.,1
Exactly as advertised.,1
Battery life is a joke.,0
I am very satisfied with this item.,1
Support was not helpful.,0
Awesome experience overall.,1
The best I've used so far.,1
Not worth even a dollar.,0
"Terrible product, don’t buy!",0
"Works like a charm, thank you!",1
Support was not helpful.,0
Save your money.,0
It broke after minimal use.,0
User-friendly and powerful.,1
Very slow and glitchy.,0
Super efficient and compact.,1
Performance is below average.,0
Returned it the next day.,0
Completely disappointed with this.,0
Will definitely buy more in the future.,1
It’s just not worth it.,0
Exactly as advertised.,1
Hard to set up and use.,0
Extremely poor build.,0
Performance is below average.,0
Completely useless product.,0
Feels like a scam.,0
Will definitely buy more in the future.,1
Very disappointed in the brand.,0
Completely useless product.,0
Highly recommend to anyone.,1
Exactly what I needed.,1
Not user-friendly at all.,0
Did more harm than good.,0
"Very pleased, no complaints at all.",1
Regret this purchase deeply.,0
Very disappointed in the brand.,0
Does not do what it claims.,0
One of the best purchases I've made.,1
Very practical and well-designed.,1
Really stands out among competitors.,1
Awesome experience overall.,1
Even better than expected!,1
Feels like a scam.,0
I am very satisfied with this item.,1
Very impressed with this product.,1
The results are fantastic!,1
Very slow and glitchy.,0
Returned it the next day.,0
One of the best purchases I've made.,1
Couldn't ask for more.,1
Very disappointed in the brand.,0
Really stands out among competitors.,1
One of the worst purchases ever.,0
Poor quality and very flimsy.,0
Avoid at all costs!,0
"Terrible product, don’t buy!",0
Not durable at all.,0
Amazing value for the price.,1
One of the best purchases I've made.,1
Highly recommend to anyone.,1
Customer service was top-notch.,1
It broke after minimal use.,0
"Very pleased, no complaints at all.",1
Not durable at all.,0
Hard to set up and use.,0
"Beautifully made, great attention to detail.",1
Not worth even a dollar.,0
This product is a disaster.,0
"Works like a charm, thank you!",1
I’m very happy with my choice.,1
Definitely wouldn’t buy again.,0
Everything about this is perfect.,1
Everything about this is perfect.,1
Very impressed with this product.,1
The item arrived broken.,0
"Amazing performance, highly efficient.",1
Really stands out among competitors.,1
Feels cheap and unreliable.,0
Highly dissatisfied.,0
Totally worth the money.,1
Did more harm than good.,0
Impressive build and smooth operation.,1
Hard to set up and use.,0
I’m very happy with my choice.,1
No instructions included.,0
One of the worst purchases ever.,0
Five stars! Would buy again.,1
Stopped working after a few days.,0
This has been a great investment.,1
Stopped working after a few days.,0
Amazing value for the price.,1
Customer service was top-notch.,1
Super efficient and compact.,1
Not durable at all.,0
The item arrived broken.,0
Couldn't ask for more.,1
Absolutely love this product!,1
Looks great and performs even better.,1
Highly dependable and easy to use.,1
The best I've used so far.,1
The results are fantastic!,1
"Beautifully made, great attention to detail.",1
Product feels premium and sturdy.,1
I am very satisfied with this item.,1
Battery life is a joke.,0
Super happy with this purchase.,1
My go-to choice now.,1
Performance is below average.,0
Returned it the next day.,0
Not user-friendly at all.,0
Feels like a scam.,0
Fast shipping and excellent packaging.,1
I’m very happy with my choice.,1
The best I've used so far.,1
One of the best purchases I've made.,1
Super efficient and compact.,1
Support was not helpful.,0
Very frustrating experience.,0
Love the features and the build.,1
Delivered on all its promises.,1
User-friendly and powerful.,1
Looks great and performs even better.,1
The best I've used so far.,1
I’m very happy with my choice.,1
Looks cheap and acts cheap.,0
Easy setup and very intuitive.,1
Feels cheap and unreliable.,0
Battery life is a joke.,0
High quality and great performance.,1
Fantastic design and functionality.,1
Looks great and performs even better.,1
Avoid at all costs!,0
Totally worth the money.,1
Highly dissatisfied.,0
Highly dependable and easy to use.,1
Avoid at all costs!,0
Save your money.,0
Love how easy it is to use.,1
"Packaging was damaged, product too.",0
"Terrible product, don’t buy!",0
Save your money.,0
Highly recommend to anyone.,1
Battery life is a joke.,0
Very impressed with this product.,1
Delivered on all its promises.,1
Customer service was top-notch.,1
Doesn’t match the description.,0
Extremely dissatisfied with the quality.,0
"Fast, reliable, and affordable.",1
Not durable at all.,0
Parts missing on arrival.,0
This is just junk.,0
Doesn’t match the description.,0
Will definitely buy more in the future.,1
This has been a great investment.,1
Not worth even a dollar.,0
Love how easy it is to use.,1
Awesome experience overall.,1
Exactly as advertised.,1
Love how easy it is to use.,1
Unacceptable quality control.,0
Feels cheap and unreliable.,0
Would not recommend to anyone.,0
Performance is outstanding.,1
So impressed with the quality.,1
This is just junk.,0
Would not recommend to anyone.,0
Great support and documentation.,1
I’m very happy with my choice.,1
It broke after minimal use.,0
User-friendly and powerful.,1
Does not do what it claims.,0
"Very pleased, no complaints at all.",1
Highly dissatisfied.,0
User-friendly and powerful.,1
It broke after minimal use.,0
My go-to choice now.,1
"Exceeded my expectations, works perfectly.",1
Returned it the next day.,0
Fantastic design and functionality.,1
So convenient and reliable.,1
Love how easy it is to use.,1
Solid quality and affordable price.,1
Doesn’t work with my device.,0
No instructions included.,0
Looks great and performs even better.,1
Impressive build and smooth operation.,1
Returned it the next day.,0
Performance is outstanding.,1
"Packaging was damaged, product too.",0
Poor quality and very flimsy.,0
Very slow and glitchy.,0
Delivered on all its promises.,1
Delivered on all its promises.,1
Product feels premium and sturdy.,1
Highly dissatisfied.,0
Impressive build and smooth operation.,1
So impressed with the quality.,1
Did not work as expected.,0
Highly dependable and easy to use.,1
Great support and documentation.,1
Product feels premium and sturdy.,1
"Beautifully made, great attention to detail.",1
Save your money.,0
"Terrible product, don’t buy!",0
"Packaging was damaged, product too.",0
Rattles and shakes constantly.,0
"Exceeded my expectations, works perfectly.",1
Feels like a scam.,0
"Seems used, not new.",0
Would not recommend to anyone.,0
Customer service was top-notch.,1
Highly recommend to anyone.,1
It broke after minimal use.,0
Performance is below average.,0
Very impressed with this product.,1
Doesn’t work with my device.,0
So convenient and reliable.,1
Product is exactly as described. Perfect!,1
This is just junk.,0
Product is exactly as described. Perfect!,1
Customer service was top-notch.,1
Absolutely love this product!,1
Very practical and well-designed.,1
Completely disappointed with this.,0
Poor quality and very flimsy.,0
"Seems used, not new.",0
Regret this purchase deeply.,0
Awesome experience overall.,1
"Works like a charm, thank you!",1
Was excited but totally let down.,0
Great support and documentation.,1
Feels like a scam.,0
This is just junk.,0
Great support and documentation.,1
"Works like a charm, thank you!",1
Parts missing on arrival.,0
So convenient and reliable.,1
"Seems used, not new.",0
Waste of money.,0
Customer service was top-notch.,1
I am very satisfied with this item.,1
I am very satisfied with this item.,1
"Amazing performance, highly efficient.",1
Extremely poor build.,0
This product is a disaster.,0
This has been a great investment.,1
Not durable at all.,0
Extremely dissatisfied with the quality.,0
This is just junk.,0
"Works like a charm, thank you!",1
Doesn't power on consistently.,0
Not worth even a dollar.,0
Easy setup and very intuitive.,1
Stopped working after a few days.,0
Definitely wouldn’t buy again.,0
Avoid at all costs!,0
Not durable at all.,0
Very practical and well-designed.,1
Really stands out among competitors.,1
Rattles and shakes constantly.,0
Exactly as advertised.,1
Completely disappointed with this.,0
Poor quality and very flimsy.,0
Looks great and performs even better.,1
Doesn’t match the description.,0
Amazing value for the price.,1
Fantastic design and functionality.,1
This has been a great investment.,1
This has been a great investment.,1
Very slow and glitchy.,0
"Packaging was damaged, product too.",0
Very impressed with this product.,1
Easy setup and very intuitive.,1
Exactly as advertised.,1
So convenient and reliable.,1
It’s just not worth it.,0
"Very pleased, no complaints at all.",1
Delivered on all its promises.,1
It broke after minimal use.,0
Not durable at all.,0
Five stars! Would buy again.,1
Completely useless product.,0
It broke after minimal use.,0
Would not recommend to anyone.,0
Absolutely love this product!,1
Waste of money.,0
Super happy with this purchase.,1
Looks cheap and acts cheap.,0
Definitely wouldn’t buy again.,0
Very frustrating experience.,0
Stopped working after a few days.,0
The best I've used so far.,1
Not worth even a dollar.,0
Doesn’t match the description.,0
Would not recommend to anyone.,0
Totally worth the money.,1
Not durable at all.,0
Waste of money.,0
Very frustrating experience.,0
The results are fantastic!,1
Product feels premium and sturdy.,1
Very loud and annoying.,0
Customer service was top-notch.,1
Doesn’t work with my device.,0
Not worth even a dollar.,0
Very slow and glitchy.,0
One of the worst purchases ever.,0
Very practical and well-designed.,1
Rattles and shakes constantly.,0
My go-to choice now.,1
Waste of money.,0
Definitely wouldn’t buy again.,0
Did not work as expected.,0
Definitely wouldn’t buy again.,0
This is a game-changer!,1
Highly dependable and easy to use.,1
Would not recommend to anyone.,0
Would not recommend to anyone.,0
Overpriced and underwhelming.,0
User-friendly and powerful.,1
The results are fantastic!,1
Performance is below average.,0
One of the best purchases I've made.,1
Looks great and performs even better.,1
Will definitely buy more in the future.,1
Definitely wouldn’t buy again.,0
Returned it the next day.,0
Totally worth the money.,1
Parts missing on arrival.,0
Doesn’t work with my device.,0
Love the features and the build.,1
Doesn’t match the description.,0
Avoid at all costs!,0
Overpriced and underwhelming.,0
The item arrived broken.,0
Highly recommend to anyone.,1
Doesn't power on consistently.,0
Did more harm than good.,0
Great support and documentation.,1
Product is exactly as described. Perfect!,1
Avoid at all costs!,0
Rattles and shakes constantly.,0
Super happy with this purchase.,1
Was excited but totally let down.,0
Did not work as expected.,0
Feels cheap and unreliable.,0
Very loud and annoying.,0
Fast shipping and excellent packaging.,1
Totally worth the money.,1
My go-to choice now.,1
It’s just not worth it.,0
This is a game-changer!,1
Did more harm than good.,0
Totally worth the money.,1
Impressive build and smooth operation.,1
Doesn’t work with my device.,0
Love the features and the build.,1
It broke after minimal use.,0
Not user-friendly at all.,0
Not durable at all.,0
"Beautifully made, great attention to detail.",1
Very frustrating experience.,0
Completely disappointed with this.,0
"Very pleased, no complaints at all.",1
One of the worst purchases ever.,0
So impressed with the quality.,1
Delivered on all its promises.,1
Very impressed with this product.,1
Save your money.,0
Will definitely buy more in the future.,1
One of the best purchases I've made.,1
Battery life is a joke.,0
Fast shipping and excellent packaging.,1
Very frustrating experience.,0
Super happy with this purchase.,1
Fast shipping and excellent packaging.,1
Support was not helpful.,0
Overpriced and underwhelming.,0
Doesn’t work with my device.,0
This is just junk.,0
Unacceptable quality control.,0
Very slow and glitchy.,0
Completely useless product.,0
Very practical and well-designed.,1
Totally worth the money.,1
One of the worst purchases ever.,0
Definitely wouldn’t buy again.,0
Everything about this is perfect.,1
"Works like a charm, thank you!",1
Doesn't power on consistently.,0
Love how easy it is to use.,1
Doesn't hold up over time.,0
Extremely dissatisfied with the quality.,0
Very practical and well-designed.,1
I’m very happy with my choice.,1
Amazing value for the price.,1
Unacceptable quality control.,0
Stopped working after a few days.,0
Battery life is a joke.,0
Love the features and the build.,1
Performance is outstanding.,1
Completely useless product.,0
Easy setup and very intuitive.,1
Exactly what I needed.,1
"Exceeded my expectations, works perfectly.",1
No instructions included.,0
Love the features and the build.,1
Definitely wouldn’t buy again.,0
Extremely poor build.,0
Doesn't power on consistently.,0
It broke after minimal use.,0
One of the best purchases I've made.,1
Doesn’t match the description.,0
"Terrible product, don’t buy!",0
Very loud and annoying.,0
Very impressed with this product.,1
"Seems used, not new.",0
"Amazing performance, highly efficient.",1
Returned it the next day.,0
Super happy with this purchase.,1
Product is exactly as described. Perfect!,1
This product is a disaster.,0
Even better than expected!,1
Completely useless product.,0
Returned it the next day.,0
Super happy with this purchase.,1
Completely useless product.,0
Delivered on all its promises.,1
"Packaging was damaged, product too.",0
Poor quality and very flimsy.,0
Not durable at all.,0
Delivered on all its promises.,1
Very disappointed in the brand.,0
"Very pleased, no complaints at all.",1
Battery life is a joke.,0
One of the best purchases I've made.,1
Parts missing on arrival.,0
This product is a disaster.,0
Delivered on all its promises.,1
Hard to set up and use.,0
The item arrived broken.,0
Absolutely love this product!,1
Did more harm than good.,0
Five stars! Would buy again.,1
"Works like a charm, thank you!",1
Impressive build and smooth operation.,1
Extremely poor build.,0
"Terrible product, don’t buy!",0
So impressed with the quality.,1
Doesn't hold up over time.,0
Super happy with this purchase.,1
Does not do what it claims.,0
Definitely wouldn’t buy again.,0
Not durable at all.,0
Save your money.,0
Couldn't ask for more.,1
"Fast, reliable, and affordable.",1
Completely useless product.,0
Couldn't ask for more.,1
This is a game-changer!,1
Parts missing on arrival.,0
Did not work as expected.,0
"Beautifully made, great attention to detail.",1
Waste of money.,0
Feels cheap and unreliable.,0
Exactly what I needed.,1
Customer service was top-notch.,1
This has been a great investment.,1
Impressive build and smooth operation.,1
Highly dissatisfied.,0
Delivered on all its promises.,1
Fast shipping and excellent packaging.,1
Extremely poor build.,0
Waste of money.,0
Product feels premium and sturdy.,1
Performance is below average.,0
Really stands out among competitors.,1
Extremely dissatisfied with the quality.,0
Doesn't hold up over time.,0
Fantastic design and functionality.,1
Absolutely love this product!,1
"Very pleased, no complaints at all.",1
Hard to set up and use.,0
Very practical and well-designed.,1
So convenient and reliable.,1
"Very pleased, no complaints at all.",1
Not user-friendly at all.,0
It broke after minimal use.,0
Awesome experience overall.,1
Super happy with this purchase.,1
Everything about this is perfect.,1
It broke after minimal use.,0
Waste of money.,0
I’m very happy with my choice.,1
Exactly what I needed.,1
Fantastic design and functionality.,1
Love how easy it is to use.,1
Returned it the next day.,0
"Very pleased, no complaints at all.",1
Performance is outstanding.,1
Did not work as expected.,0
Feels like a scam.,0
Unacceptable quality control.,0
Absolutely love this product!,1
This product is a disaster.,0
Did not work as expected.,0
Everything about this is perfect.,1
"Seems used, not new.",0
Super efficient and compact.,1
One of the worst purchases ever.,0
Fast shipping and excellent packaging.,1
Very frustrating experience.,0
Battery life is a joke.,0
Waste of money.,0
Exactly what I needed.,1
Looks great and performs even better.,1
Doesn’t work with my device.,0
Very loud and annoying.,0
No instructions included.,0
This is just junk.,0
Delivered on all its promises.,1
Not durable at all.,0
Performance is outstanding.,1
Overpriced and underwhelming.,0
"Beautifully made, great attention to detail.",1
Poor quality and very flimsy.,0
Easy setup and very intuitive.,1
Customer service was top-notch.,1
"Beautifully made, great attention to detail.",1
Highly recommend to anyone.,1
Hard to set up and use.,0
Rattles and shakes constantly.,0
Couldn't ask for more.,1
Parts missing on arrival.,0
So impressed with the quality.,1
One of the best purchases I've made.,1
I’m very happy with my choice.,1
So impressed with the quality.,1
Very impressed with this product.,1
Was excited but totally let down.,0
"Very pleased, no complaints at all.",1
Doesn't hold up over time.,0
Exactly what I needed.,1
Fast shipping and excellent packaging.,1
Would not recommend to anyone.,0
Save your money.,0
Amazing value for the price.,1
Regret this purchase deeply.,0
Did more harm than good.,0
User-friendly and powerful.,1
Waste of money.,0
Highly dependable and easy to use.,1
Hard to set up and use.,0
Not user-friendly at all.,0
"Amazing performance, highly efficient.",1
Hard to set up and use.,0
One of the best purchases I've made.,1
So convenient and reliable.,1
Easy setup and very intuitive.,1
Parts missing on arrival.,0
Highly recommend to anyone.,1
Highly dissatisfied.,0
So convenient and reliable.,1
High quality and great performance.,1
This is just junk.,0
Not durable at all.,0
Stopped working after a few days.,0
Five stars! Would buy again.,1
So convenient and reliable.,1
Couldn't ask for more.,1
Awesome experience overall.,1
Extremely poor build.,0
Highly dissatisfied.,0
Product is exactly as described. Perfect!,1
It’s just not worth it.,0
One of the worst purchases ever.,0
Very practical and well-designed.,1
Everything about this is perfect.,1
Couldn't ask for more.,1
Did not work as expected.,0
Will definitely buy more in the future.,1
Everything about this is perfect.,1
"Packaging was damaged, product too.",0
Customer service was top-notch.,1
Definitely wouldn’t buy again.,0
Looks great and performs even better.,1
Not durable at all.,0
Fast shipping and excellent packaging.,1
The item arrived broken.,0
This product is a disaster.,0
Awesome experience overall.,1
Super efficient and compact.,1
It broke after minimal use.,0
This is a game-changer!,1
No instructions included.,0
Definitely wouldn’t buy again.,0
The best I've used so far.,1
One of the worst purchases ever.,0
Support was not helpful.,0
Performance is below average.,0
"Exceeded my expectations, works perfectly.",1
Absolutely love this product!,1
The results are fantastic!,1
"Amazing performance, highly efficient.",1
Poor quality and very flimsy.,0
Amazing value for the price.,1
Fantastic design and functionality.,1
Very disappointed in the brand.,0
Completely useless product.,0
Doesn’t work with my device.,0
"Exceeded my expectations, works perfectly.",1
Feels like a scam.,0
Impressive build and smooth operation.,1
Very practical and well-designed.,1
"Fast, reliable, and affordable.",1
Performance is below average.,0
Amazing value for the price.,1
Very frustrating experience.,0
Performance is outstanding.,1
Highly dissatisfied.,0
Overpriced and underwhelming.,0
Stopped working after a few days.,0
"Exceeded my expectations, works perfectly.",1
Not worth even a dollar.,0
"Fast, reliable, and affordable.",1
Customer service was top-notch.,1
No instructions included.,0
The results are fantastic!,1
"Terrible product, don’t buy!",0
Does not do what it claims.,0
Avoid at all costs!,0
Highly dissatisfied.,0
Highly recommend to anyone.,1
This has been a great investment.,1
Does not do what it claims.,0
Does not do what it claims.,0
Product feels premium and sturdy.,1
Battery life is a joke.,0
So convenient and reliable.,1
Love how easy it is to use.,1
Extremely dissatisfied with the quality.,0
Waste of money.,0
It’s just not worth it.,0
Looks great and performs even better.,1
So impressed with the quality.,1
Feels like a scam.,0
Absolutely love this product!,1
Love the features and the build.,1
One of the best purchases I've made.,1
The results are fantastic!,1
My go-to choice now.,1
Waste of money.,0
Doesn't hold up over time.,0
Highly dissatisfied.,0
Battery life is a joke.,0
Super efficient and compact.,1
Fast shipping and excellent packaging.,1
It broke after minimal use.,0
Not worth even a dollar.,0
"Packaging was damaged, product too.",0
So convenient and reliable.,1
It’s just not worth it.,0
No instructions included.,0
Support was not helpful.,0
"Beautifully made, great attention to detail.",1
Regret this purchase deeply.,0
Very frustrating experience.,0
Customer service was top-notch.,1
Not worth even a dollar.,0
Looks cheap and acts cheap.,0
Very loud and annoying.,0
Everything about this is perfect.,1
Very disappointed in the brand.,0
Fantastic design and functionality.,1
Unacceptable quality control.,0
Completely useless product.,0
So impressed with the quality.,1
Save your money.,0
Fast shipping and excellent packaging.,1
Battery life is a joke.,0
Will definitely buy more in the future.,1
Hard to set up and use.,0
"Works like a charm, thank you!",1
Performance is below average.,0
Completely disappointed with this.,0
Stopped working after a few days.,0
Doesn’t match the description.,0
Amazing value for the price.,1
Returned it the next day.,0
Hard to set up and use.,0
"Terrible product, don’t buy!",0
"Beautifully made, great attention to detail.",1
Not worth even a dollar.,0
Delivered on all its promises.,1
Waste of money.,0
"Packaging was damaged, product too.",0
Support was not helpful.,0
Very frustrating experience.,0
Really stands out among competitors.,1
Great support and documentation.,1
Completely useless product.,0
Support was not helpful.,0
I am very satisfied with this item.,1
This product is a disaster.,0
Definitely wouldn’t buy again.,0
Not user-friendly at all.,0
Highly dependable and easy to use.,1
This is a game-changer!,1
Overpriced and underwhelming.,0
This has been a great investment.,1
Looks cheap and acts cheap.,0
Would not recommend to anyone.,0
Looks great and performs even better.,1
It’s just not worth it.,0
High quality and great performance.,1
Customer service was top-notch.,1
Impressive build and smooth operation.,1
"Exceeded my expectations, works perfectly.",1
Easy setup and very intuitive.,1
Fast shipping and excellent packaging.,1
The results are fantastic!,1
Doesn't power on consistently.,0
Highly recommend to anyone.,1
Very disappointed in the brand.,0
My go-to choice now.,1
Exactly as advertised.,1
Easy setup and very intuitive.,1
Everything about this is perfect.,1
This product is a disaster.,0
Absolutely love this product!,1
Easy setup and very intuitive.,1
"Seems used, not new.",0
Not user-friendly at all.,0
Does not do what it claims.,0
Will definitely buy more in the future.,1
Stopped working after a few days.,0
Battery life is a joke.,0
Fantastic design and functionality.,1
Save your money.,0
Five stars! Would buy again.,1
Impressive build and smooth operation.,1
Does not do what it claims.,0
Five stars! Would buy again.,1
High quality and great performance.,1
Regret this purchase deeply.,0
Love the features and the build.,1
Definitely wouldn’t buy again.,0
Parts missing on arrival.,0
Very impressed with this product.,1
Fast shipping and excellent packaging.,1
Fantastic design and functionality.,1
Not worth even a dollar.,0
Very frustrating experience.,0
Unacceptable quality control.,0
Amazing value for the price.,1
Very slow and glitchy.,0
"Amazing performance, highly efficient.",1
"Packaging was damaged, product too.",0
Completely useless product.,0
Completely disappointed with this.,0
Stopped working after a few days.,0
Easy setup and very intuitive.,1
Very frustrating experience.,0
User-friendly and powerful.,1
Completely disappointed with this.,0
Will definitely buy more in the future.,1
Avoid at all costs!,0
Did more harm than good.,0
Performance is below average.,0
Parts missing on arrival.,0
It’s just not worth it.,0
Very slow and glitchy.,0
Totally worth the money.,1
Extremely dissatisfied with the quality.,0
Overpriced and underwhelming.,0
Would not recommend to anyone.,0
Super efficient and compact.,1
Highly dissatisfied.,0
This is a game-changer!,1
Did more harm than good.,0
Feels cheap and unreliable.,0
"Packaging was damaged, product too.",0
Avoid at all costs!,0
Absolutely love this product!,1
Avoid at all costs!,0
Would not recommend to anyone.,0
Rattles and shakes constantly.,0
Absolutely love this product!,1
Doesn't hold up over time.,0
Completely useless product.,0
Very slow and glitchy.,0
Easy setup and very intuitive.,1
Doesn’t work with my device.,0
Really stands out among competitors.,1
So convenient and reliable.,1
Battery life is a joke.,0
Everything about this is perfect.,1
Very disappointed in the brand.,0
No instructions included.,0
Unacceptable quality control.,0
Very practical and well-designed.,1
Not user-friendly at all.,0
Super happy with this purchase.,1
"Very pleased, no complaints at all.",1
Impressive build and smooth operation.,1
Feels like a scam.,0
Five stars! Would buy again.,1
Avoid at all costs!,0
Product is exactly as described. Perfect!,1
Regret this purchase deeply.,0
Super happy with this purchase.,1
Exactly as advertised.,1
Parts missing on arrival.,0
Battery life is a joke.,0
No instructions included.,0
The best I've used so far.,1
The item arrived broken.,0
Even better than expected!,1
Did not work as expected.,0
Doesn't hold up over time.,0
The item arrived broken.,0
Was excited but totally let down.,0
Looks cheap and acts cheap.,0
This is a game-changer!,1
Will definitely buy more in the future.,1
Overpriced and underwhelming.,0
Impressive build and smooth operation.,1
Did more harm than good.,0
Completely disappointed with this.,0
Doesn't power on consistently.,0
My go-to choice now.,1
"Fast, reliable, and affordable.",1
One of the best purchases I've made.,1
Very disappointed in the brand.,0
Product is exactly as described. Perfect!,1
Very disappointed in the brand.,0
Would not recommend to anyone.,0
I’m very happy with my choice.,1
Looks great and performs even better.,1
I’m very happy with my choice.,1
Product feels premium and sturdy.,1
"Packaging was damaged, product too.",0
Highly dependable and easy to use.,1
Rattles and shakes constantly.,0
The item arrived broken.,0
"Beautifully made, great attention to detail.",1
Very slow and glitchy.,0
Poor quality and very flimsy.,0
Completely disappointed with this.,0
"Exceeded my expectations, works perfectly.",1
Solid quality and affordable price.,1
Parts missing on arrival.,0
Easy setup and very intuitive.,1
User-friendly and powerful.,1
Completely useless product.,0
Delivered on all its promises.,1
The best I've used so far.,1
Does not do what it claims.,0
Looks cheap and acts cheap.,0
Will definitely buy more in the future.,1
Poor quality and very flimsy.,0
Overpriced and underwhelming.,0
This has been a great investment.,1
Product feels premium and sturdy.,1
Great support and documentation.,1
My go-to choice now.,1
Save your money.,0
"Works like a charm, thank you!",1
Product feels premium and sturdy.,1
Waste of money.,0
Returned it the next day.,0
Rattles and shakes constantly.,0
Amazing value for the price.,1
Product feels premium and sturdy.,1
Stopped working after a few days.,0
Even better than expected!,1
Hard to set up and use.,0
Doesn’t work with my device.,0
The item arrived broken.,0
Totally worth the money.,1
Highly recommend to anyone.,1
My go-to choice now.,1
The results are fantastic!,1
Very frustrating experience.,0
Hard to set up and use.,0
Rattles and shakes constantly.,0
Not durable at all.,0
So impressed with the quality.,1
Super happy with this purchase.,1
Doesn’t match the description.,0
Very practical and well-designed.,1
Was excited but totally let down.,0
Was excited but totally let down.,0
Really stands out among competitors.,1
I am very satisfied with this item.,1
My go-to choice now.,1
Five stars! Would buy again.,1
"Terrible product, don’t buy!",0
Fast shipping and excellent packaging.,1
It’s just not worth it.,0
Would not recommend to anyone.,0
Would not recommend to anyone.,0
Very slow and glitchy.,0
The best I've used so far.,1
This is just junk.,0
Absolutely love this product!,1
Stopped working after a few days.,0
Avoid at all costs!,0
This product is a disaster.,0
Doesn't hold up over time.,0
Doesn’t match the description.,0
"Amazing performance, highly efficient.",1
High quality and great performance.,1
Amazing value for the price.,1
Super happy with this purchase.,1
Performance is outstanding.,1
Performance is outstanding.,1
Rattles and shakes constantly.,0
I am very satisfied with this item.,1
"Works like a charm, thank you!",1
Looks cheap and acts cheap.,0
So convenient and reliable.,1
Doesn't power on consistently.,0
Doesn’t match the description.,0
Delivered on all its promises.,1
Really stands out among competitors.,1
Will definitely buy more in the future.,1
Extremely dissatisfied with the quality.,0
Support was not helpful.,0
It broke after minimal use.,0
This product is a disaster.,0
This is just junk.,0
Love how easy it is to use.,1
I’m very happy with my choice.,1
The best I've used so far.,1
Totally worth the money.,1
Very impressed with this product.,1
Definitely wouldn’t buy again.,0
"Beautifully made, great attention to detail.",1
Support was not helpful.,0
Was excited but totally let down.,0
"Works like a charm, thank you!",1
Fast shipping and excellent packaging.,1
The best I've used so far.,1
The results are fantastic!,1
Regret this purchase deeply.,0
Completely disappointed with this.,0
No instructions included.,0
Would not recommend to anyone.,0
Did more harm than good.,0
My go-to choice now.,1
Very frustrating experience.,0
"Terrible product, don’t buy!",0
"Exceeded my expectations, works perfectly.",1
Awesome experience overall.,1
Very practical and well-designed.,1
Very disappointed in the brand.,0
Performance is below average.,0
This is just junk.,0
Five stars! Would buy again.,1
Feels cheap and unreliable.,0
Five stars! Would buy again.,1
Even better than expected!,1
This product is a disaster.,0
Highly dissatisfied.,0
Overpriced and underwhelming.,0
Highly recommend to anyone.,1
Very frustrating experience.,0
Exactly what I needed.,1
So impressed with the quality.,1
Solid quality and affordable price.,1
Overpriced and underwhelming.,0
Rattles and shakes constantly.,0
Does not do what it claims.,0
Super efficient and compact.,1
Five stars! Would buy again.,1
Returned it the next day.,0
Easy setup and very intuitive.,1
Feels cheap and unreliable.,0
"Amazing performance, highly efficient.",1
Super efficient and compact.,1
"Fast, reliable, and affordable.",1
Was excited but totally let down.,0
Unacceptable quality control.,0
Awesome experience overall.,1
Exactly what I needed.,1
Five stars! Would buy again.,1
Did not work as expected.,0
"Seems used, not new.",0
The results are fantastic!,1
Save your money.,0
Feels like a scam.,0
Regret this purchase deeply.,0
Fantastic design and functionality.,1
This product is a disaster.,0
Super efficient and compact.,1
Very loud and annoying.,0
Rattles and shakes constantly.,0
Was excited but totally let down.,0
Will definitely buy more in the future.,1
Impressive build and smooth operation.,1
Exactly as advertised.,1
Very slow and glitchy.,0
No instructions included.,0
One of the worst purchases ever.,0
Was excited but totally let down.,0
Absolutely love this product!,1
One of the best purchases I've made.,1
Doesn’t match the description.,0
So impressed with the quality.,1
Regret this purchase deeply.,0
Avoid at all costs!,0
Amazing value for the price.,1
Couldn't ask for more.,1
Support was not helpful.,0
So convenient and reliable.,1
Feels like a scam.,0
This is just junk.,0
Not user-friendly at all.,0
Extremely dissatisfied with the quality.,0
The results are fantastic!,1
Solid quality and affordable price.,1
The item arrived broken.,0
Product is exactly as described. Perfect!,1
I am very satisfied with this item.,1
Awesome experience overall.,1
Everything about this is perfect.,1
So impressed with the quality.,1
Delivered on all its promises.,1
Impressive build and smooth operation.,1
"Terrible product, don’t buy!",0
"Packaging was damaged, product too.",0
Everything about this is perfect.,1
Avoid at all costs!,0
Unacceptable quality control.,0
Stopped working after a few days.,0
Waste of money.,0
Doesn’t match the description.,0
Feels cheap and unreliable.,0
"Very pleased, no complaints at all.",1
Would not recommend to anyone.,0
Very loud and annoying.,0
The best I've used so far.,1
Very loud and annoying.,0
Very loud and annoying.,0
Impressive build and smooth operation.,1
Very slow and glitchy.,0
Unacceptable quality control.,0
Poor quality and very flimsy.,0
Great support and documentation.,1
Very impressed with this product.,1
Did not work as expected.,0
Great support and documentation.,1
So impressed with the quality.,1
Battery life is a joke.,0
"Terrible product, don’t buy!",0
Fast shipping and excellent packaging.,1
Does not do what it claims.,0
Doesn't hold up over time.,0
Very loud and annoying.,0
Doesn't power on consistently.,0
"Works like a charm, thank you!",1
Super efficient and compact.,1
Would not recommend to anyone.,0
The best I've used so far.,1
Stopped working after a few days.,0
"Works like a charm, thank you!",1
Did not work as expected.,0
Performance is below average.,0
Exactly what I needed.,1
Not worth even a dollar.,0
Save your money.,0
Not worth even a dollar.,0
Will definitely buy more in the future.,1
Hard to set up and use.,0
Waste of money.,0
Not durable at all.,0
"Packaging was damaged, product too.",0
Exactly as advertised.,1
My go-to choice now.,1
The item arrived broken.,0
Product is exactly as described. Perfect!,1
Totally worth the money.,1
Extremely dissatisfied with the quality.,0
Product is exactly as described. Perfect!,1
Five stars! Would buy again.,1
Solid quality and affordable price.,1
Great support and documentation.,1
Extremely poor build.,0
This has been a great investment.,1
Poor quality and very flimsy.,0
One of the best purchases I've made.,1
Super happy with this purchase.,1
Solid quality and affordable price.,1
"Works like a charm, thank you!",1
Feels cheap and unreliable.,0
Highly recommend to anyone.,1
Love how easy it is to use.,1
Easy setup and very intuitive.,1
"Packaging was damaged, product too.",0
Fantastic design and functionality.,1
Exactly what I needed.,1
Fast shipping and excellent packaging.,1
Looks great and performs even better.,1
One of the best purchases I've made.,1
"Packaging was damaged, product too.",0
Would not recommend to anyone.,0
Very frustrating experience.,0
Very impressed with this product.,1
Impressive build and smooth operation.,1
Super efficient and compact.,1
Not durable at all.,0
Feels like a scam.,0
Unacceptable quality control.,0
Love how easy it is to use.,1
Love the features and the build.,1
Definitely wouldn’t buy again.,0
The best I've used so far.,1
It’s just not worth it.,0
High quality and great performance.,1
"Exceeded my expectations, works perfectly.",1
My go-to choice now.,1
Hard to set up and use.,0
Support was not helpful.,0
Easy setup and very intuitive.,1
"Seems used, not new.",0
Stopped working after a few days.,0
This is a game-changer!,1
Save your money.,0
Exactly what I needed.,1
Great support and documentation.,1
Exactly as advertised.,1
My go-to choice now.,1
I’m very happy with my choice.,1
Unacceptable quality control.,0
Exactly as advertised.,1
Very slow and glitchy.,0
Exactly what I needed.,1
Totally worth the money.,1
"Works like a charm, thank you!",1
Extremely poor build.,0
Super happy with this purchase.,1
"Packaging was damaged, product too.",0
Very practical and well-designed.,1
Returned it the next day.,0
Avoid at all costs!,0
"Amazing performance, highly efficient.",1
Highly recommend to anyone.,1
Looks great and performs even better.,1
Parts missing on arrival.,0
High quality and great performance.,1
Feels cheap and unreliable.,0
Amazing value for the price.,1
It broke after minimal use.,0
My go-to choice now.,1
Fantastic design and functionality.,1
"Very pleased, no complaints at all.",1
"Exceeded my expectations, works perfectly.",1
Looks great and performs even better.,1
Not durable at all.,0
Product feels premium and sturdy.,1
Doesn’t work with my device.,0
"Seems used, not new.",0
My go-to choice now.,1
Completely disappointed with this.,0
Performance is outstanding.,1
"Very pleased, no complaints at all.",1
One of the best purchases I've made.,1
Exactly as advertised.,1
Doesn’t work with my device.,0
Even better than expected!,1
My go-to choice now.,1
Doesn't power on consistently.,0
Doesn’t match the description.,0
This is just junk.,0
Fast shipping and excellent packaging.,1
It broke after minimal use.,0
High quality and great performance.,1
Highly dependable and easy to use.,1
Regret this purchase deeply.,0
Highly recommend to anyone.,1
Extremely poor build.,0
Solid quality and affordable price.,1
Five stars! Would buy again.,1
Save your money.,0
Regret this purchase deeply.,0
This is a game-changer!,1
Does not do what it claims.,0
Not user-friendly at all.,0
"Packaging was damaged, product too.",0
Extremely dissatisfied with the quality.,0
Save your money.,0
Looks cheap and acts cheap.,0
Did more harm than good.,0
Even better than expected!,1
Returned it the next day.,0
Super efficient and compact.,1
This is a game-changer!,1
The best I've used so far.,1
Product is exactly as described. Perfect!,1
Even better than expected!,1
Highly dissatisfied.,0
Very frustrating experience.,0
Great support and documentation.,1
Exactly as advertised.,1
Great support and documentation.,1
So convenient and reliable.,1
Really stands out among competitors.,1
Doesn't power on consistently.,0
Delivered on all its promises.,1
Doesn't hold up over time.,0
"Beautifully made, great attention to detail.",1
Totally worth the money.,1
Did more harm than good.,0
I am very satisfied with this item.,1
The best I've used so far.,1
Not user-friendly at all.,0
Overpriced and underwhelming.,0
Highly dissatisfied.,0
Very loud and annoying.,0
Doesn't power on consistently.,0
Extremely dissatisfied with the quality.,0
"Seems used, not new.",0
No instructions included.,0
User-friendly and powerful.,1
This product is a disaster.,0
"Very pleased, no complaints at all.",1
Very disappointed in the brand.,0
Doesn’t match the description.,0
Very loud and annoying.,0
Extremely poor build.,0
So convenient and reliable.,1
I am very satisfied with this item.,1
Totally worth the money.,1
Waste of money.,0
This is a game-changer!,1
So impressed with the quality.,1
Doesn’t work with my device.,0
Doesn't power on consistently.,0
This has been a great investment.,1
"Amazing performance, highly efficient.",1
"Exceeded my expectations, works perfectly.",1
It’s just not worth it.,0
Not worth even a dollar.,0
Extremely poor build.,0
Parts missing on arrival.,0
Extremely poor build.,0
So convenient and reliable.,1
Poor quality and very flimsy.,0
Not user-friendly at all.,0
Doesn't hold up over time.,0
Very disappointed in the brand.,0
Delivered on all its promises.,1
It’s just not worth it.,0
Easy setup and very intuitive.,1
Waste of money.,0
Looks cheap and acts cheap.,0
Rattles and shakes constantly.,0
Exactly as advertised.,1
One of the worst purchases ever.,0
Easy setup and very intuitive.,1
This is just junk.,0
This has been a great investment.,1
Really stands out among competitors.,1
Did more harm than good.,0
Super efficient and compact.,1
"Very pleased, no complaints at all.",1
"Amazing performance, highly efficient.",1
Would not recommend to anyone.,0
This is a game-changer!,1
Support was not helpful.,0
Five stars! Would buy again.,1
High quality and great performance.,1
Extremely poor build.,0
Overpriced and underwhelming.,0
The item arrived broken.,0
Avoid at all costs!,0
Super efficient and compact.,1
Product is exactly as described. Perfect!,1
Love how easy it is to use.,1
Great support and documentation.,1
One of the worst purchases ever.,0
"Seems used, not new.",0
Product feels premium and sturdy.,1
Even better than expected!,1
Returned it the next day.,0
Hard to set up and use.,0
"Seems used, not new.",0
Even better than expected!,1
Awesome experience overall.,1
"Fast, reliable, and affordable.",1
Everything about this is perfect.,1
Performance is outstanding.,1
This product is a disaster.,0
Not durable at all.,0
Extremely poor build.,0
This is a game-changer!,1
Doesn't power on consistently.,0
Performance is outstanding.,1
"Amazing performance, highly efficient.",1
Not user-friendly at all.,0
Even better than expected!,1
Not user-friendly at all.,0
Very slow and glitchy.,0
Did not work as expected.,0
Does not do what it claims.,0
Couldn't ask for more.,1
Exactly what I needed.,1
Save your money.,0
Parts missing on arrival.,0
"Terrible product, don’t buy!",0
Love how easy it is to use.,1
Product is exactly as described. Perfect!,1
The results are fantastic!,1
Extremely poor build.,0
Unacceptable quality control.,0
I am very satisfied with this item.,1
Very slow and glitchy.,0
Great support and documentation.,1
It broke after minimal use.,0
Solid quality and affordable price.,1
Even better than expected!,1
Not worth even a dollar.,0
Love the features and the build.,1
Did not work as expected.,0
Rattles and shakes constantly.,0
It broke after minimal use.,0
User-friendly and powerful.,1
Did more harm than good.,0
This has been a great investment.,1
Feels like a scam.,0
Highly dependable and easy to use.,1
High quality and great performance.,1
Did not work as expected.,0
Will definitely buy more in the future.,1
Amazing value for the price.,1
Regret this purchase deeply.,0
Support was not helpful.,0
Not worth even a dollar.,0
Very loud and annoying.,0
"Very pleased, no complaints at all.",1
Doesn’t work with my device.,0
Even better than expected!,1
It’s just not worth it.,0
Battery life is a joke.,0
"Amazing performance, highly efficient.",1
"Amazing performance, highly efficient.",1
Parts missing on arrival.,0
Highly dependable and easy to use.,1
Fantastic design and functionality.,1
Feels like a scam.,0
"Beautifully made, great attention to detail.",1
"Exceeded my expectations, works perfectly.",1
"Seems used, not new.",0
Looks great and performs even better.,1
Did more harm than good.,0
Will definitely buy more in the future.,1
Overpriced and underwhelming.,0
"Exceeded my expectations, works perfectly.",1
This is a game-changer!,1
Very practical and well-designed.,1
Definitely wouldn’t buy again.,0
Fast shipping and excellent packaging.,1
Performance is below average.,0
Amazing value for the price.,1
Unacceptable quality control.,0
Love the features and the build.,1
Will definitely buy more in the future.,1
Regret this purchase deeply.,0
"Packaging was damaged, product too.",0
This is just junk.,0
High quality and great performance.,1
Highly dependable and easy to use.,1
I am very satisfied with this item.,1
One of the worst purchases ever.,0
Was excited but totally let down.,0
Hard to set up and use.,0
"Beautifully made, great attention to detail.",1
Very impressed with this product.,1
Looks cheap and acts cheap.,0
Rattles and shakes constantly.,0
Doesn't power on consistently.,0
Couldn't ask for more.,1
Completely disappointed with this.,0
Battery life is a joke.,0
Exactly what I needed.,1
Completely disappointed with this.,0
Fantastic design and functionality.,1
Very practical and well-designed.,1
Solid quality and affordable price.,1
Very disappointed in the brand.,0
Avoid at all costs!,0
Love how easy it is to use.,1
"Fast, reliable, and affordable.",1
Solid quality and affordable price.,1
I’m very happy with my choice.,1
Everything about this is perfect.,1
Looks cheap and acts cheap.,0
Five stars! Would buy again.,1
The item arrived broken.,0
Not user-friendly at all.,0
Feels cheap and unreliable.,0
I am very satisfied with this item.,1
Absolutely love this product!,1
Customer service was top-notch.,1
"Beautifully made, great attention to detail.",1
Everything about this is perfect.,1
The results are fantastic!,1
Love the features and the build.,1
Extremely dissatisfied with the quality.,0
I’m very happy with my choice.,1
This is a game-changer!,1
Exactly as advertised.,1
Couldn't ask for more.,1
This is just junk.,0
